Workbook

Sheet Sheet3
B4: Row Labels | C4: Employee Count | J4: Count of Employee_ID | K4: Column Labels
B5: Admin | C5: 166 | J5: Row Labels | K5: Overpaid | L5: Standart | M5: Underpaid | N5: Grand Total
B6: Cloud Tech | C6: 146 | F6: #VALUE! | J6: Average | K6: 66 | L6: 151 | M6: 50 | N6: 267
B7: DevOps | C7: 189 | J7: Excellent | K7: 78 | L7: 146 | M7: 43 | N7: 267
B8: Finance | C8: 170 | J8: Good | K8: 85 | L8: 135 | M8: 50 | N8: 270
B9: HR | C9: 171 | J9: Poor | K9: 62 | L9: 113 | M9: 41 | N9: 216
B10: Sales | C10: 178 | J10: Grand Total | K10: 291 | L10: 545 | M10: 184 | N10: 1020
B11: Grand Total | C11: 1020
B14: Row Labels | C14: Count of Age
B15: 25 | C15: 206
B16: 30 | C16: 205
B17: 32 | C17: 211 | J17: Row Labels | K17: Average of Salary
B18: 35 | C18: 188 | J18: Admin | K18: 85191.113
B19: 40 | C19: 210 | J19: Cloud Tech | K19: 84931.324 | P19: Count of Employee_ID | Q19: Column Labels
B20: Grand Total | C20: 1020 | J20: DevOps | K20: 85993.511 | P20: Row Labels | Q20: Overpaid | R20: Standart | S20: Underpaid | T20: Grand Total
J21: Finance | K21: 82275.016 | P21: Admin | Q21: 111 | R21: 55 | T21: 166
J22: HR | K22: 85466.425 | P22: Cloud Tech | R22: 83 | S22: 63 | T22: 146
B23: Row Labels | C23: Count of Employee_ID | J23: Sales | K23: 86867.496 | P23: DevOps | R23: 99 | S23: 90 | T23: 189
B24: California | C24: 187 | J24: Grand Total | K24: 85155.292 | P24: Finance | Q24: 29 | R24: 110 | S24: 31 | T24: 170
B25: Florida | C25: 185 | P25: HR | Q25: 89 | R25: 82 | T25: 171
B26: Illinois | C26: 165 | P26: Sales | Q26: 62 | R26: 116 | T26: 178
B27: Nevada | C27: 169 | P27: Grand Total | Q27: 291 | R27: 545 | S27: 184 | T27: 1020
B28: New York | C28: 161
B29: Texas | C29: 153
B30: Grand Total | C30: 1020

Sheet Sheet1
A1: Column1 | B1: Employee_ID | C1: First_Name | D1: Last_Name | E1: Age | F1: Department_Region | G1: Status | H1: Join_Date | I1: Salary | J1: Email | K1: Phone | L1: Performance_Score | M1: Remote_Work | N1: date_Clean | O1: Department | P1: Location_Department | Q1: Standart_Gaji | R1: Column2
A2: 0 | B2: EMP1000 | C2: Bob | D2: Davis | E2: 25 | F2: DevOps-California | G2: Active | H2: 04/02/2021 | I2: 59767.65 | J2: bob.davis@example.com | K2: -1651623197 | L2: Average | M2: TRUE | N2: =IF(ISNUMBER(H2), H2, DATE(RIGHT(H2, 4), LEFT(H2, FIND("/", H2) - 1), MID(H2, FIND("/", H2) + 1, FIND("/", H2, FIND("/", H2) + 1) - FIND("/", H2) - 1))) -> 44288 | O2: =LEFT(Table1[[#This Row],[Department_Region]], FIND("-", Table1[[#This Row],[Department_Region]]) - 1) -> DevOps | P2: =RIGHT(Table1[[#This Row],[Department_Region]],LEN(Table1[[#This Row],[Department_Region]]) - FIND("-",Table1[[#This Row],[Department_Region]])) -> California | Q2: =IF(Table1[[#This Row],[Salary]] < VLOOKUP(Table1[[#This Row],[Department]], SALARY!$A$2:$C$7, 2, FALSE), "Underpaid", IF(Table1[[#This Row],[Salary]] > VLOOKUP(Table1[[#This Row],[Department]], SALARY!$A$2:$C$7, 3, FALSE), "Overpaid", "Standart")) -> Underpaid
A3: 1 | B3: EMP1001 | C3: Bob | D3: Brown | E3: 32 | F3: Finance-Texas | G3: Active | H3: 07/10/2020 | I3: 65304.66 | J3: bob.brown@example.com | K3: -1898471390 | L3: Excellent | M3: TRUE | N3: =IF(ISNUMBER(H3), H3, DATE(RIGHT(H3, 4), LEFT(H3, FIND("/", H3) - 1), MID(H3, FIND("/", H3) + 1, FIND("/", H3, FIND("/", H3) + 1) - FIND("/", H3) - 1))) -> 44022 | O3: =LEFT(Table1[[#This Row],[Department_Region]], FIND("-", Table1[[#This Row],[Department_Region]]) - 1) -> Finance | P3: =RIGHT(Table1[[#This Row],[Department_Region]],LEN(Table1[[#This Row],[Department_Region]]) - FIND("-",Table1[[#This Row],[Department_Region]])) -> Texas | Q3: =IF(Table1[[#This Row],[Salary]] < VLOOKUP(Table1[[#This Row],[Department]], SALARY!$A$2:$C$7, 2, FALSE), "Underpaid", IF(Table1[[#This Row],[Salary]] > VLOOKUP(Table1[[#This Row],[Department]], SALARY!$A$2:$C$7, 3, FALSE), "Overpaid", "Standart")) -> Standart
A4: 2 | B4: EMP1002 | C4: Alice | D4: Jones | E4: 32 | F4: Admin-Nevada | G4: Pending | H4: 12/07/2023 | I4: 88145.9 | J4: alice.jones@example.com | K4: -5596363211 | L4: Good | M4: TRUE | N4: =IF(ISNUMBER(H4), H4, DATE(RIGHT(H4, 4), LEFT(H4, FIND("/", H4) - 1), MID(H4, FIND("/", H4) + 1, FIND("/", H4, FIND("/", H4) + 1) - FIND("/", H4) - 1))) -> 45267 | O4: =LEFT(Table1[[#This Row],[Department_Region]], FIND("-", Table1[[#This Row],[Department_Region]]) - 1) -> Admin | P4: =RIGHT(Table1[[#This Row],[Department_Region]],LEN(Table1[[#This Row],[Department_Region]]) - FIND("-",Table1[[#This Row],[Department_Region]])) -> Nevada | Q4: =IF(Table1[[#This Row],[Salary]] < VLOOKUP(Table1[[#This Row],[Department]], SALARY!$A$2:$C$7, 2, FALSE), "Underpaid", IF(Table1[[#This Row],[Salary]] > VLOOKUP(Table1[[#This Row],[Department]], SALARY!$A$2:$C$7, 3, FALSE), "Overpaid", "Standart")) -> Overpaid
A5: 3 | B5: EMP1003 | C5: Eva | D5: Davis | E5: 25 | F5: Admin-Nevada | G5: Inactive | H5: 11/27/2021 | I5: 69450.99 | J5: eva.davis@example.com | K5: -3476490784 | L5: Good | M5: TRUE | N5: =IF(ISNUMBER(H5), H5, DATE(RIGHT(H5, 4), LEFT(H5, FIND("/", H5) - 1), MID(H5, FIND("/", H5) + 1, FIND("/", H5, FIND("/", H5) + 1) - FIND("/", H5) - 1))) -> 44527 | O5: =LEFT(Table1[[#This Row],[Department_Region]], FIND("-", Table1[[#This Row],[Department_Region]]) - 1) -> Admin | P5: =RIGHT(Table1[[#This Row],[Department_Region]],LEN(Table1[[#This Row],[Department_Region]]) - FIND("-",Table1[[#This Row],[Department_Region]])) -> Nevada | Q5: =IF(Table1[[#This Row],[Salary]] < VLOOKUP(Table1[[#This Row],[Department]], SALARY!$A$2:$C$7, 2, FALSE), "Underpaid", IF(Table1[[#This Row],[Salary]] > VLOOKUP(Table1[[#This Row],[Department]], SALARY!$A$2:$C$7, 3, FALSE), "Overpaid", "Standart")) -> Standart
A6: 4 | B6: EMP1004 | C6: Frank | D6: Williams | E6: 25 | F6: Cloud Tech-Florida | G6: Active | H6: 01/05/2022 | I6: 109324.61 | J6: frank.williams@example.com | K6: -1586734256 | L6: Poor | M6: FALSE | N6: =IF(ISNUMBER(H6), H6, DATE(RIGHT(H6, 4), LEFT(H6, FIND("/", H6) - 1), MID(H6, FIND("/", H6) + 1, FIND("/", H6, FIND("/", H6) + 1) - FIND("/", H6) - 1))) -> 44566 | O6: =LEFT(Table1[[#This Row],[Department_Region]], FIND("-", Table1[[#This Row],[Department_Region]]) - 1) -> Cloud Tech | P6: =RIGHT(Table1[[#This Row],[Department_Region]],LEN(Table1[[#This Row],[Department_Region]]) - FIND("-",Table1[[#This Row],[Department_Region]])) -> Florida | Q6: =IF(Table1[[#This Row],[Salary]] < VLOOKUP(Table1[[#This Row],[Department]], SALARY!$A$2:$C$7, 2, FALSE), "Underpaid", IF(Table1[[#This Row],[Salary]] > VLOOKUP(Table1[[#This Row],[Department]], SALARY!$A$2:$C$7, 3, FALSE), "Overpaid", "Standart")) -> Standart
A7: 5 | B7: EMP1005 | C7: Alice | D7: Garcia | E7: 40 | F7: Sales-Texas | G7: Inactive | H7: 06/10/2020 | I7: 88642.84 | J7: alice.garcia@example.com | K7: -5409003485 | L7: Good | M7: FALSE | N7: =IF(ISNUMBER(H7), H7, DATE(RIGHT(H7, 4), LEFT(H7, FIND("/", H7) - 1), MID(H7, FIND("/", H7) + 1, FIND("/", H7, FIND("/", H7) + 1) - FIND("/", H7) - 1))) -> 43992 | O7: =LEFT(Table1[[#This Row],[Department_Region]], FIND("-", Table1[[#This Row],[Department_Region]]) - 1) -> Sales | P7: =RIGHT(Table1[[#This Row],[Department_Region]],LEN(Table1[[#This Row],[Department_Region]]) - FIND("-",Table1[[#This Row],[Department_Region]])) -> Texas | Q7: =IF(Table1[[#This Row],[Salary]] < VLOOKUP(Table1[[#This Row],[Department]], SALARY!$A$2:$C$7, 2, FALSE), "Underpaid", IF(Table1[[#This Row],[Salary]] > VLOOKUP(Table1[[#This Row],[Department]], SALARY!$A$2:$C$7, 3, FALSE), "Overpaid", "Standart")) -> Standart
A8: 6 | B8: EMP1006 | C8: Frank | D8: Jones | E8: 32 | F8: Admin-Nevada | G8: Active | H8: 04/03/2020 | I8: 96288.43 | J8: frank.jones@example.com | K8: -4518376063 | L8: Good | M8: FALSE | N8: =IF(ISNUMBER(H8), H8, DATE(RIGHT(H8, 4), LEFT(H8, FIND("/", H8) - 1), MID(H8, FIND("/", H8) + 1, FIND("/", H8, FIND("/", H8) + 1) - FIND("/", H8) - 1))) -> 43924 | O8: =LEFT(Table1[[#This Row],[Department_Region]], FIND("-", Table1[[#This Row],[Department_Region]]) - 1) -> Admin | P8: =RIGHT(Table1[[#This Row],[Department_Region]],LEN(Table1[[#This Row],[Department_Region]]) - FIND("-",Table1[[#This Row],[Department_Region]])) -> Nevada | Q8: =IF(Table1[[#This Row],[Salary]] < VLOOKUP(Table1[[#This Row],[Department]], SALARY!$A$2:$C$7, 2, FALSE), "Underpaid", IF(Table1[[#This Row],[Salary]] > VLOOKUP(Table1[[#This Row],[Department]], SALARY!$A$2:$C$7, 3, FALSE), "Overpaid", "Standart")) -> Overpaid
A9: 7 | B9: EMP1007 | C9: Bob | D9: Jones | E9: 30 | F9: Cloud Tech-Florida | G9: Inactive | H9: 7/17/2022 | I9: 94497.91 | J9: bob.jones@example.com | K9: -4134327559 | L9: Average | M9: TRUE | N9: =IF(ISNUMBER(H9), H9, DATE(RIGHT(H9, 4), LEFT(H9, FIND("/", H9) - 1), MID(H9, FIND("/", H9) + 1, FIND("/", H9, FIND("/", H9) + 1) - FIND("/", H9) - 1))) -> 44759 | O9: =LEFT(Table1[[#This Row],[Department_Region]], FIND("-", Table1[[#This Row],[Department_Region]]) - 1) -> Cloud Tech | P9: =RIGHT(Table1[[#This Row],[Department_Region]],LEN(Table1[[#This Row],[Department_Region]]) - FIND("-",Table1[[#This Row],[Department_Region]])) -> Florida | Q9: =IF(Table1[[#This Row],[Salary]] < VLOOKUP(Table1[[#This Row],[Department]], SALARY!$A$2:$C$7, 2, FALSE), "Underpaid", IF(Table1[[#This Row],[Salary]] > VLOOKUP(Table1[[#This Row],[Department]], SALARY!$A$2:$C$7, 3, FALSE), "Overpaid", "Standart")) -> Standart
A10: 8 | B10: EMP1008 | C10: Frank | D10: Davis | E10: 35 | F10: Admin-Nevada | G10: Inactive | H10: 12/08/2023 | I10: 115565.82 | J10: frank.davis@example.com | K10: -4177656123 | L10: Excellent | M10: TRUE | N10: =IF(ISNUMBER(H10), H10, DATE(RIGHT(H10, 4), LEFT(H10, FIND("/", H10) - 1), MID(H10, FIND("/", H10) + 1, FIND("/", H10, FIND("/", H10) + 1) - FIND("/", H10) - 1))) -> 45268 | O10: =LEFT(Table1[[#This Row],[Department_Region]], FIND("-", Table1[[#This Row],[Department_Region]]) - 1) -> Admin | P10: =RIGHT(Table1[[#This Row],[Department_Region]],LEN(Table1[[#This Row],[Department_Region]]) - FIND("-",Table1[[#This Row],[Department_Region]])) -> Nevada | Q10: =IF(Table1[[#This Row],[Salary]] < VLOOKUP(Table1[[#This Row],[Department]], SALARY!$A$2:$C$7, 2, FALSE), "Underpaid", IF(Table1[[#This Row],[Salary]] > VLOOKUP(Table1[[#This Row],[Department]], SALARY!$A$2:$C$7, 3, FALSE), "Overpaid", "Standart")) -> Overpaid
A11: 9 | B11: EMP1009 | C11: Charlie | D11: Johnson | E11: 32 | F11: DevOps-New York | G11: Active | H11: 08/04/2022 | I11: 76561.88 | J11: charlie.johnson@example.com | K11: -8156985699 | L11: Excellent | M11: TRUE | N11: =IF(ISNUMBER(H11), H11, DATE(RIGHT(H11, 4), LEFT(H11, FIND("/", H11) - 1), MID(H11, FIND("/", H11) + 1, FIND("/", H11, FIND("/", H11) + 1) - FIND("/", H11) - 1))) -> 44777 | O11: =LEFT(Table1[[#This Row],[Department_Region]], FIND("-", Table1[[#This Row],[Department_Region]]) - 1) -> DevOps | P11: =RIGHT(Table1[[#This Row],[Department_Region]],LEN(Table1[[#This Row],[Department_Region]]) - FIND("-",Table1[[#This Row],[Department_Region]])) -> New York | Q11: =IF(Table1[[#This Row],[Salary]] < VLOOKUP(Table1[[#This Row],[Department]], SALARY!$A$2:$C$7, 2, FALSE), "Underpaid", IF(Table1[[#This Row],[Salary]] > VLOOKUP(Table1[[#This Row],[Department]], SALARY!$A$2:$C$7, 3, FALSE), "Overpaid", "Standart")) -> Underpaid
A12: 10 | B12: EMP1010 | C12: David | D12: Williams | E12: 35 | F12: Cloud Tech-New York | G12: Active | H12: 07/06/2024 | I12: 72081.71 | J12: david.williams@example.com | K12: -2720634590 | L12: Average | M12: FALSE | N12: =IF(ISNUMBER(H12), H12, DATE(RIGHT(H12, 4), LEFT(H12, FIND("/", H12) - 1), MID(H12, FIND("/", H12) + 1, FIND("/", H12, FIND("/", H12) + 1) - FIND("/", H12) - 1))) -> 45479 | O12: =LEFT(Table1[[#This Row],[Department_Region]], FIND("-", Table1[[#This Row],[Department_Region]]) - 1) -> Cloud Tech | P12: =RIGHT(Table1[[#This Row],[Department_Region]],LEN(Table1[[#This Row],[Department_Region]]) - FIND("-",Table1[[#This Row],[Department_Region]])) -> New York | Q12: =IF(Table1[[#This Row],[Salary]] < VLOOKUP(Table1[[#This Row],[Department]], SALARY!$A$2:$C$7, 2, FALSE), "Underpaid", IF(Table1[[#This Row],[Salary]] > VLOOKUP(Table1[[#This Row],[Department]], SALARY!$A$2:$C$7, 3, FALSE), "Overpaid", "Standart")) -> Underpaid
A13: 11 | B13: EMP1011 | C13: David | D13: Davis | E13: 32 | F13: DevOps-California | G13: Active | H13: 09/04/2023 | I13: 84946.19 | J13: david.davis@example.com | K13: -1238296576 | L13: Poor | M13: TRUE | N13: =IF(ISNUMBER(H13), H13, DATE(RIGHT(H13, 4), LEFT(H13, FIND("/", H13) - 1), MID(H13, FIND("/", H13) + 1, FIND("/", H13, FIND("/", H13) + 1) - FIND("/", H13) - 1))) -> 45173 | O13: =LEFT(Table1[[#This Row],[Department_Region]], FIND("-", Table1[[#This Row],[Department_Region]]) - 1) -> DevOps | P13: =RIGHT(Table1[[#This Row],[Department_Region]],LEN(Table1[[#This Row],[Department_Region]]) - FIND("-",Table1[[#This Row],[Department_Region]])) -> California | Q13: =IF(Table1[[#This Row],[Salary]] < VLOOKUP(Table1[[#This Row],[Department]], SALARY!$A$2:$C$7, 2, FALSE), "Underpaid", IF(Table1[[#This Row],[Salary]] > VLOOKUP(Table1[[#This Row],[Department]], SALARY!$A$2:$C$7, 3, FALSE), "Overpaid", "Standart")) -> Underpaid
... A1021: 1019 | B1021: EMP2019 | C1021: Heidi | D1021: Jones | E1021: 30 | F1021: DevOps-Illinois | G1021: Pending | H1021: 2/22/2021 | I1021: 77764.24 | J1021: heidi.jones@example.com | K1021: -7629745492 | L1021: Average | M1021: FALSE | N1021: =IF(ISNUMBER(H1021), H1021, DATE(RIGHT(H1021, 4), LEFT(H1021, FIND("/", H1021) - 1), MID(H1021, FIND("/", H1021) + 1, FIND("/", H1021, FIND("/", H1021) + 1) - FIND("/", H1021) - 1))) -> 44249 | O1021: =LEFT(Table1[[#This Row],[Department_Region]], FIND("-", Table1[[#This Row],[Department_Region]]) - 1) -> DevOps | P1021: =RIGHT(Table1[[#This Row],[Department_Region]],LEN(Table1[[#This Row],[Department_Region]]) - FIND("-",Table1[[#This Row],[Department_Region]])) -> Illinois | Q1021: =IF(Table1[[#This Row],[Salary]] < VLOOKUP(Table1[[#This Row],[Department]], SALARY!$A$2:$C$7, 2, FALSE), "Underpaid", IF(Table1[[#This Row],[Salary]] > VLOOKUP(Table1[[#This Row],[Department]], SALARY!$A$2:$C$7, 3, FALSE), "Overpaid", "Standart")) -> Underpaid

Sheet Description data
A7: Column Name | B7: Datatype | C7: Missing Value | D7: Min | E7: Max | F7: Avg
A8: Employee_ID | B8: String/Text | C8: 0 | D8: 0 | E8: 0 | F8: 0
A9: First_Name | B9: String/Text | C9: 0 | D9: 0 | E9: 0 | F9: 0
A10: Last_Name | B10: String/Text | C10: 0
A11: Age | B11: Int/Number | C11: 211 | D11: =MIN(Table1[Age]) -> 25 | E11: =MAX(Table1[Age]) -> 40 | F11: =ROUND(AVERAGE(Table1[Age]),0) -> 32
A12: Department_Region | B12: String/Text | C12: 0 | D12: 0 | E12: 0 | F12: 0
A13: Status | B13: String/Text | C13: 0 | D13: 0 | E13: 0 | F13: 0
A14: Join_Date | B14: String/Text | C14: 0 | D14: 0 | E14: 0 | F14: 0
A15: Salary | B15: Int/Number | C15: 24 | D15: =MIN(Table1[Salary]) -> 50047.32 | E15: =MAX(Table1[Salary]) -> 119971.65 | F15: =ROUND(AVERAGE(Sheet1!I2:I1015),2) -> 85165.05
A16: Email | B16: String/Text | C16: 0 | D16: 0 | E16: 0 | F16: 0
A17: Phone | B17: Int/Number | C17: 0 | D17: 0 | E17: 0 | F17: 0
A18: Performance_Score | B18: String/Text | C18: 0 | D18: 0 | E18: 0 | F18: 0
A19: Remote_Work | B19: Boolean | C19: 0 | D19: 0 | E19: 0 | F19: 0
G22: 32 | H22: 85165.05
B25: Before | C25: After
A26: Jumlah Baris | B26: 1020 | C26: 1020
A27: Jumlah Colom | B27: 12 | C27: 12
A28: Duplicate | B28: 0 | C28: 0
A29: Missing Value | B29: =COUNTBLANK(Table1[[Employee_ID]:[Remote_Work]]) -> 0 | C29: =COUNTBLANK(Table1[[Employee_ID]:[Remote_Work]]) -> 0

Sheet SALARY
A1: Departmen | B1: Minimum_Salary | C1: Maximum_salary
A2: Admin | B2: 40000 | C2: 75000
A3: Cloud Tech | B3: 80000 | C3: 130000
A4: DevOps | B4: 85000 | C4: 140000
A5: Finance | B5: 60000 | C5: 105000
A6: HR | B6: 50000 | C6: 85000
A7: Sales | B7: 45000 | C7: 95000
